Variable,Coefficient
const,-3.289497992949856
price,-0.5843351252417056
brand_strength,0.3107132573507713
quality_score,1.2006123866716223
